Date,Region,Product,Quantity,Price,Revenue,ID
2024-01-01,North,Laptop,7,800,5601,1
2024-01-01,North,Phone,15,500,7521,2
2024-01-01,North,Tablet,7,300,2132,3
2024-01-01,North,Headphones,11,100,1124,4
2024-01-01,North,Monitor,4,200,773,5
2024-01-01,South,Laptop,3,800,2371,6
2024-01-01,South,Phone,2,500,1037,7
2024-01-01,South,Tablet,12,300,3579,8
2024-01-01,South,Headphones,6,100,551,9
2024-01-01,South,Monitor,1,200,225,10
2024-01-01,East,Laptop,12,800,9638,11
2024-01-01,East,Phone,17,500,8540,12
2024-01-01,East,Tablet,10,300,3041,13
2024-01-01,East,Headphones,16,100,1564,14
2024-01-01,East,Monitor,15,200,3011,15
2024-01-01,West,Laptop,19,800,15204,16
2024-01-01,West,Phone,3,500,1500,17
2024-01-01,West,Tablet,7,300,2070,18
2024-01-01,West,Headphones,9,100,888,19
2024-01-01,West,Monitor,18,200,3553,20
2024-01-02,North,Laptop,14,800,11158,21
2024-01-02,North,Phone,2,500,1033,22
2024-01-02,North,Tablet,15,300,4509,23
2024-01-02,North,Headphones,7,100,693,24
2024-01-02,North,Monitor,8,200,1596,25
2024-01-02,South,Laptop,3,800,2427,26
2024-01-02,South,Phone,17,500,8485,27
2024-01-02,South,Tablet,18,300,5353,28
2024-01-02,South,Headphones,2,100,155,29
2024-01-02,South,Monitor,10,200,1953,30
2024-01-02,East,Laptop,18,800,14439,31
2024-01-02,East,Phone,12,500,5983,32
2024-01-02,East,Tablet,10,300,3011,33
2024-01-02,East,Headphones,4,100,363,34
2024-01-02,East,Monitor,16,200,3164,35
2024-01-02,West,Laptop,8,800,6427,36
2024-01-02,West,Phone,8,500,4034,37
2024-01-02,West,Tablet,16,300,4831,38
2024-01-02,West,Headphones,15,100,1502,39
2024-01-02,West,Monitor,13,200,2590,40
2024-01-03,North,Laptop,15,800,11994,41
2024-01-03,North,Phone,1,500,538,42
2024-01-03,North,Tablet,7,300,2058,43
2024-01-03,North,Headphones,1,100,57,44
2024-01-03,North,Monitor,11,200,2230,45
2024-01-03,South,Laptop,8,800,6384,46
2024-01-03,South,Phone,3,500,1482,47
2024-01-03,South,Tablet,5,300,1490,48
2024-01-03,South,Headphones,7,100,722,49
2024-01-03,South,Monitor,8,200,1561,50
2024-01-03,East,Laptop,2,800,1582,51
2024-01-03,East,Phone,16,500,7972,52
2024-01-03,East,Tablet,5,300,1548,53
2024-01-03,East,Headphones,12,100,1235,54
2024-01-03,East,Monitor,3,200,614,55
2024-01-03,West,Laptop,3,800,2396,56
2024-01-03,West,Phone,14,500,6952,57
2024-01-03,West,Tablet,1,300,254,58
2024-01-03,West,Headphones,14,100,1376,59
2024-01-03,West,Monitor,9,200,1828,60
2024-01-04,North,Laptop,15,800,12039,61
2024-01-04,North,Phone,10,500,5026,62
2024-01-04,North,Tablet,19,300,5712,63
2024-01-04,North,Headphones,7,100,701,64
2024-01-04,North,Monitor,4,200,843,65
2024-01-04,South,Laptop,5,800,3972,66
2024-01-04,South,Phone,7,500,3464,67
2024-01-04,South,Tablet,11,300,3278,68
2024-01-04,South,Headphones,4,100,362,69
2024-01-04,South,Monitor,7,200,1408,70
2024-01-04,East,Laptop,19,800,15235,71
2024-01-04,East,Phone,2,500,991,72
2024-01-04,East,Tablet,13,300,3911,73
2024-01-04,East,Headphones,6,100,577,74
2024-01-04,East,Monitor,12,200,2393,75
2024-01-04,West,Laptop,11,800,8841,76
2024-01-04,West,Phone,7,500,3511,77
2024-01-04,West,Tablet,1,300,250,78
2024-01-04,West,Headphones,13,100,1252,79
2024-01-04,West,Monitor,7,200,1419,80
2024-01-05,North,Laptop,8,800,6376,81
2024-01-05,North,Phone,9,500,4511,82
2024-01-05,North,Tablet,5,300,1546,83
2024-01-05,North,Headphones,19,100,1893,84
2024-01-05,North,Monitor,15,200,3008,85
2024-01-05,South,Laptop,9,800,7201,86
2024-01-05,South,Phone,17,500,8511,87
2024-01-05,South,Tablet,17,300,5107,88
2024-01-05,South,Headphones,12,100,1188,89
2024-01-05,South,Monitor,2,200,352,90
2024-01-05,East,Laptop,17,800,13605,91
2024-01-05,East,Phone,17,500,8508,92
2024-01-05,East,Tablet,17,300,5051,93
2024-01-05,East,Headphones,2,100,241,94
2024-01-05,East,Monitor,5,200,1045,95
2024-01-05,West,Laptop,1,800,750,96
2024-01-05,West,Phone,19,500,9451,97
2024-01-05,West,Tablet,12,300,3639,98
2024-01-05,West,Headphones,6,100,581,99
2024-01-05,West,Monitor,4,200,804,100
2024-01-06,North,Laptop,11,800,8805,101
2024-01-06,North,Phone,17,500,8487,102
2024-01-06,North,Tablet,5,300,1547,103
2024-01-06,North,Headphones,6,100,635,104
2024-01-06,North,Monitor,11,200,2165,105
2024-01-06,South,Laptop,1,800,822,106
2024-01-06,South,Phone,6,500,3029,107
2024-01-06,South,Tablet,3,300,869,108
2024-01-06,South,Headphones,4,100,368,109
2024-01-06,South,Monitor,3,200,568,110
2024-01-06,East,Laptop,7,800,5601,111
2024-01-06,East,Phone,9,500,4482,112
2024-01-06,East,Tablet,8,300,2388,113
2024-01-06,East,Headphones,18,100,1750,114
2024-01-06,East,Monitor,11,200,2241,115
2024-01-06,West,Laptop,18,800,14372,116
2024-01-06,West,Phone,10,500,5048,117
2024-01-06,West,Tablet,7,300,2065,118
2024-01-06,West,Headphones,16,100,1609,119
2024-01-06,West,Monitor,17,200,3351,120
2024-01-07,North,Laptop,1,800,797,121
2024-01-07,North,Phone,12,500,6018,122
2024-01-07,North,Tablet,5,300,1481,123
2024-01-07,North,Headphones,9,100,948,124
2024-01-07,North,Monitor,19,200,3797,125
2024-01-07,South,Laptop,16,800,12752,126
2024-01-07,South,Phone,1,500,473,127
2024-01-07,South,Tablet,11,300,3321,128
2024-01-07,South,Headphones,4,100,387,129
2024-01-07,South,Monitor,8,200,1633,130
2024-01-07,East,Laptop,3,800,2438,131
2024-01-07,East,Phone,3,500,1474,132
2024-01-07,East,Tablet,18,300,5431,133
2024-01-07,East,Headphones,2,100,203,134
2024-01-07,East,Monitor,3,200,629,135
2024-01-07,West,Laptop,9,800,7249,136
2024-01-07,West,Phone,1,500,517,137
2024-01-07,West,Tablet,1,300,263,138
2024-01-07,West,Headphones,16,100,1569,139
2024-01-07,West,Monitor,8,200,1556,140
2024-01-08,North,Laptop,3,800,2366,141
2024-01-08,North,Phone,1,500,497,142
2024-01-08,North,Tablet,12,300,3608,143
2024-01-08,North,Headphones,19,100,1935,144
2024-01-08,North,Monitor,14,200,2779,145
2024-01-08,South,Laptop,6,800,4800,146
2024-01-08,South,Phone,8,500,3976,147
2024-01-08,South,Tablet,2,300,570,148
2024-01-08,South,Headphones,1,100,77,149
2024-01-08,South,Monitor,15,200,3013,150
2024-01-08,East,Laptop,1,800,818,151
2024-01-08,East,Phone,16,500,7968,152
2024-01-08,East,Tablet,4,300,1184,153
2024-01-08,East,Headphones,17,100,1666,154
2024-01-08,East,Monitor,12,200,2441,155
2024-01-08,West,Laptop,14,800,11155,156
2024-01-08,West,Phone,3,500,1486,157
2024-01-08,West,Tablet,17,300,5095,158
2024-01-08,West,Headphones,3,100,309,159
2024-01-08,West,Monitor,1,200,212,160
2024-01-09,North,Laptop,1,800,816,161
2024-01-09,North,Phone,18,500,8974,162
2024-01-09,North,Tablet,10,300,3044,163
2024-01-09,North,Headphones,3,100,295,164
2024-01-09,North,Monitor,18,200,3581,165
2024-01-09,South,Laptop,15,800,12035,166
2024-01-09,South,Phone,2,500,976,167
2024-01-09,South,Tablet,10,300,2951,168
2024-01-09,South,Headphones,17,100,1682,169
2024-01-09,South,Monitor,9,200,1792,170
2024-01-09,East,Laptop,16,800,12788,171
2024-01-09,East,Phone,10,500,4975,172
2024-01-09,East,Tablet,3,300,899,173
2024-01-09,East,Headphones,13,100,1309,174
2024-01-09,East,Monitor,7,200,1406,175
2024-01-09,West,Laptop,4,800,3194,176
2024-01-09,West,Phone,1,500,457,177
2024-01-09,West,Tablet,14,300,4165,178
2024-01-09,West,Headphones,14,100,1425,179
2024-01-09,West,Monitor,19,200,3836,180
2024-01-10,North,Laptop,15,800,12041,181
2024-01-10,North,Phone,2,500,1015,182
2024-01-10,North,Tablet,19,300,5674,183
2024-01-10,North,Headphones,17,100,1701,184
2024-01-10,North,Monitor,10,200,2019,185
2024-01-10,South,Laptop,15,800,12003,186
2024-01-10,South,Phone,11,500,5509,187
2024-01-10,South,Tablet,5,300,1546,188
2024-01-10,South,Headphones,8,100,802,189
2024-01-10,South,Monitor,12,200,2354,190
2024-01-10,East,Laptop,7,800,5617,191
2024-01-10,East,Phone,6,500,3045,192
2024-01-10,East,Tablet,15,300,4548,193
2024-01-10,East,Headphones,8,100,801,194
2024-01-10,East,Monitor,16,200,3162,195
2024-01-10,West,Laptop,18,800,14379,196
2024-01-10,West,Phone,19,500,9466,197
2024-01-10,West,Tablet,19,300,5741,198
2024-01-10,West,Headphones,5,100,539,199
2024-01-10,West,Monitor,9,200,1761,200
2024-01-11,North,Laptop,1,800,807,201
2024-01-11,North,Phone,1,500,483,202
2024-01-11,North,Tablet,16,300,4838,203
2024-01-11,North,Headphones,8,100,750,204
2024-01-11,North,Monitor,16,200,3210,205
2024-01-11,South,Laptop,7,800,5613,206
2024-01-11,South,Phone,5,500,2471,207
2024-01-11,South,Tablet,3,300,925,208
2024-01-11,South,Headphones,16,100,1600,209
2024-01-11,South,Monitor,5,200,1035,210
2024-01-11,East,Laptop,14,800,11241,211
2024-01-11,East,Phone,5,500,2496,212
2024-01-11,East,Tablet,17,300,5143,213
2024-01-11,East,Headphones,14,100,1411,214
2024-01-11,East,Monitor,5,200,1025,215
2024-01-11,West,Laptop,16,800,12839,216
2024-01-11,West,Phone,16,500,8034,217
2024-01-11,West,Tablet,7,300,2149,218
2024-01-11,West,Headphones,1,100,143,219
2024-01-11,West,Monitor,5,200,972,220
2024-01-12,North,Laptop,10,800,8018,221
2024-01-12,North,Phone,4,500,1983,222
2024-01-12,North,Tablet,10,300,2968,223
2024-01-12,North,Headphones,1,100,118,224
2024-01-12,North,Monitor,13,200,2553,225
2024-01-12,South,Laptop,16,800,12773,226
2024-01-12,South,Phone,16,500,7951,227
2024-01-12,South,Tablet,17,300,5141,228
2024-01-12,South,Headphones,12,100,1199,229
2024-01-12,South,Monitor,3,200,582,230
2024-01-12,East,Laptop,1,800,810,231
2024-01-12,East,Phone,19,500,9492,232
2024-01-12,East,Tablet,5,300,1461,233
2024-01-12,East,Headphones,3,100,314,234
2024-01-12,East,Monitor,1,200,189,235
2024-01-12,West,Laptop,10,800,7992,236
2024-01-12,West,Phone,12,500,5978,237
2024-01-12,West,Tablet,13,300,3861,238
2024-01-12,West,Headphones,14,100,1351,239
2024-01-12,West,Monitor,19,200,3784,240
2024-01-13,North,Laptop,17,800,13639,241
2024-01-13,North,Phone,8,500,4042,242
2024-01-13,North,Tablet,10,300,3039,243
2024-01-13,North,Headphones,2,100,156,244
2024-01-13,North,Monitor,4,200,807,245
2024-01-13,South,Laptop,18,800,14424,246
2024-01-13,South,Phone,4,500,2038,247
2024-01-13,South,Tablet,4,300,1159,248
2024-01-13,South,Headphones,5,100,522,249
2024-01-13,South,Monitor,3,200,598,250
2024-01-13,East,Laptop,3,800,2385,251
2024-01-13,East,Phone,18,500,9045,252
2024-01-13,East,Tablet,5,300,1461,253
2024-01-13,East,Headphones,17,100,1704,254
2024-01-13,East,Monitor,13,200,2572,255
2024-01-13,West,Laptop,3,800,2379,256
2024-01-13,West,Phone,17,500,8511,257
2024-01-13,West,Tablet,16,300,4838,258
2024-01-13,West,Headphones,13,100,1308,259
2024-01-13,West,Monitor,19,200,3798,260
2024-01-14,North,Laptop,4,800,3161,261
2024-01-14,North,Phone,9,500,4468,262
2024-01-14,North,Tablet,12,300,3558,263
2024-01-14,North,Headphones,7,100,677,264
2024-01-14,North,Monitor,14,200,2844,265
2024-01-14,South,Laptop,19,800,15165,266
2024-01-14,South,Phone,5,500,2548,267
2024-01-14,South,Tablet,12,300,3574,268
2024-01-14,South,Headphones,4,100,402,269
2024-01-14,South,Monitor,16,200,3206,270
2024-01-14,East,Laptop,7,800,5602,271
2024-01-14,East,Phone,10,500,5007,272
2024-01-14,East,Tablet,7,300,2063,273
2024-01-14,East,Headphones,5,100,484,274
2024-01-14,East,Monitor,11,200,2224,275
2024-01-14,West,Laptop,18,800,14425,276
2024-01-14,West,Phone,9,500,4523,277
2024-01-14,West,Tablet,12,300,3566,278
2024-01-14,West,Headphones,6,100,556,279
2024-01-14,West,Monitor,14,200,2762,280
2024-01-15,North,Laptop,8,800,6391,281
2024-01-15,North,Phone,9,500,4499,282
2024-01-15,North,Tablet,2,300,554,283
2024-01-15,North,Headphones,5,100,487,284
2024-01-15,North,Monitor,19,200,3757,285
2024-01-15,South,Laptop,16,800,12814,286
2024-01-15,South,Phone,17,500,8520,287
2024-01-15,South,Tablet,13,300,3853,288
2024-01-15,South,Headphones,4,100,419,289
2024-01-15,South,Monitor,19,200,3810,290
2024-01-15,East,Laptop,12,800,9603,291
2024-01-15,East,Phone,7,500,3540,292
2024-01-15,East,Tablet,10,300,3039,293
2024-01-15,East,Headphones,19,100,1888,294
2024-01-15,East,Monitor,3,200,594,295
2024-01-15,West,Laptop,13,800,10441,296
2024-01-15,West,Phone,8,500,4010,297
2024-01-15,West,Tablet,9,300,2688,298
2024-01-15,West,Headphones,1,100,52,299
2024-01-15,West,Monitor,13,200,2641,300
2024-01-16,North,Laptop,17,800,13574,301
2024-01-16,North,Phone,1,500,487,302
2024-01-16,North,Tablet,6,300,1807,303
2024-01-16,North,Headphones,12,100,1194,304
2024-01-16,North,Monitor,13,200,2610,305
2024-01-16,South,Laptop,15,800,11970,306
2024-01-16,South,Phone,16,500,8034,307
2024-01-16,South,Tablet,11,300,3285,308
2024-01-16,South,Headphones,3,100,268,309
2024-01-16,South,Monitor,18,200,3596,310
2024-01-16,East,Laptop,9,800,7198,311
2024-01-16,East,Phone,14,500,6964,312
2024-01-16,East,Tablet,1,300,303,313
2024-01-16,East,Headphones,3,100,265,314
2024-01-16,East,Monitor,11,200,2161,315
2024-01-16,West,Laptop,10,800,8045,316
2024-01-16,West,Phone,16,500,8021,317
2024-01-16,West,Tablet,6,300,1825,318
2024-01-16,West,Headphones,8,100,841,319
2024-01-16,West,Monitor,4,200,839,320
2024-01-17,North,Laptop,8,800,6407,321
2024-01-17,North,Phone,18,500,8977,322
2024-01-17,North,Tablet,5,300,1490,323
2024-01-17,North,Headphones,4,100,413,324
2024-01-17,North,Monitor,17,200,3422,325
2024-01-17,South,Laptop,1,800,833,326
2024-01-17,South,Phone,13,500,6541,327
2024-01-17,South,Tablet,16,300,4778,328
2024-01-17,South,Headphones,13,100,1295,329
2024-01-17,South,Monitor,3,200,555,330
2024-01-17,East,Laptop,18,800,14418,331
2024-01-17,East,Phone,15,500,7474,332
2024-01-17,East,Tablet,2,300,559,333
2024-01-17,East,Headphones,18,100,1754,334
2024-01-17,East,Monitor,1,200,214,335
2024-01-17,West,Laptop,18,800,14445,336
2024-01-17,West,Phone,15,500,7498,337
2024-01-17,West,Tablet,11,300,3334,338
2024-01-17,West,Headphones,17,100,1726,339
2024-01-17,West,Monitor,1,200,247,340
2024-01-18,North,Laptop,9,800,7248,341
2024-01-18,North,Phone,1,500,470,342
2024-01-18,North,Tablet,16,300,4804,343
2024-01-18,North,Headphones,6,100,641,344
2024-01-18,North,Monitor,17,200,3418,345
2024-01-18,South,Laptop,5,800,3952,346
2024-01-18,South,Phone,5,500,2502,347
2024-01-18,South,Tablet,5,300,1523,348
2024-01-18,South,Headphones,10,100,1032,349
2024-01-18,South,Monitor,17,200,3434,350
2024-01-18,East,Laptop,14,800,11222,351
2024-01-18,East,Phone,14,500,6950,352
2024-01-18,East,Tablet,19,300,5694,353
2024-01-18,East,Headphones,13,100,1253,354
2024-01-18,East,Monitor,1,200,181,355
2024-01-18,West,Laptop,2,800,1641,356
2024-01-18,West,Phone,8,500,3988,357
2024-01-18,West,Tablet,2,300,603,358
2024-01-18,West,Headphones,3,100,299,359
2024-01-18,West,Monitor,12,200,2414,360
2024-01-19,North,Laptop,12,800,9554,361
2024-01-19,North,Phone,17,500,8496,362
2024-01-19,North,Tablet,15,300,4534,363
2024-01-19,North,Headphones,14,100,1415,364
2024-01-19,North,Monitor,11,200,2200,365
2024-01-19,South,Laptop,7,800,5587,366
2024-01-19,South,Phone,2,500,987,367
2024-01-19,South,Tablet,18,300,5447,368
2024-01-19,South,Headphones,18,100,1779,369
2024-01-19,South,Monitor,15,200,3040,370
2024-01-19,East,Laptop,19,800,15212,371
2024-01-19,East,Phone,2,500,1001,372
2024-01-19,East,Tablet,6,300,1846,373
2024-01-19,East,Headphones,15,100,1479,374
2024-01-19,East,Monitor,10,200,2000,375
2024-01-19,West,Laptop,17,800,13554,376
2024-01-19,West,Phone,4,500,1959,377
2024-01-19,West,Tablet,17,300,5123,378
2024-01-19,West,Headphones,17,100,1733,379
2024-01-19,West,Monitor,5,200,983,380
2024-01-20,North,Laptop,6,800,4802,381
2024-01-20,North,Phone,2,500,1026,382
2024-01-20,North,Tablet,11,300,3292,383
2024-01-20,North,Headphones,16,100,1624,384
2024-01-20,North,Monitor,19,200,3772,385
2024-01-20,South,Laptop,16,800,12844,386
2024-01-20,South,Phone,11,500,5465,387
2024-01-20,South,Tablet,8,300,2353,388
2024-01-20,South,Headphones,8,100,753,389
2024-01-20,South,Monitor,3,200,645,390
2024-01-20,East,Laptop,3,800,2376,391
2024-01-20,East,Phone,18,500,9010,392
2024-01-20,East,Tablet,19,300,5668,393
2024-01-20,East,Headphones,5,100,531,394
2024-01-20,East,Monitor,10,200,2010,395
2024-01-20,West,Laptop,6,800,4750,396
2024-01-20,West,Phone,5,500,2461,397
2024-01-20,West,Tablet,14,300,4183,398
2024-01-20,West,Headphones,17,100,1727,399
2024-01-20,West,Monitor,13,200,2576,400
2024-01-21,North,Laptop,9,800,7175,401
2024-01-21,North,Phone,15,500,7535,402
2024-01-21,North,Tablet,15,300,4505,403
2024-01-21,North,Headphones,11,100,1112,404
2024-01-21,North,Monitor,16,200,3210,405
2024-01-21,South,Laptop,17,800,13575,406
2024-01-21,South,Phone,4,500,1950,407
2024-01-21,South,Tablet,8,300,2448,408
2024-01-21,South,Headphones,15,100,1496,409
2024-01-21,South,Monitor,14,200,2839,410
2024-01-21,East,Laptop,14,800,11237,411
2024-01-21,East,Phone,2,500,975,412
2024-01-21,East,Tablet,14,300,4208,413
2024-01-21,East,Headphones,19,100,1856,414
2024-01-21,East,Monitor,3,200,572,415
2024-01-21,West,Laptop,14,800,11167,416
2024-01-21,West,Phone,6,500,3048,417
2024-01-21,West,Tablet,19,300,5664,418
2024-01-21,West,Headphones,5,100,477,419
2024-01-21,West,Monitor,10,200,1988,420
2024-01-22,North,Laptop,17,800,13635,421
2024-01-22,North,Phone,12,500,5974,422
2024-01-22,North,Tablet,17,300,5062,423
2024-01-22,North,Headphones,4,100,359,424
2024-01-22,North,Monitor,3,200,567,425
2024-01-22,South,Laptop,15,800,12049,426
2024-01-22,South,Phone,15,500,7535,427
2024-01-22,South,Tablet,2,300,557,428
2024-01-22,South,Headphones,8,100,832,429
2024-01-22,South,Monitor,10,200,1990,430
2024-01-22,East,Laptop,5,800,3955,431
2024-01-22,East,Phone,2,500,1008,432
2024-01-22,East,Tablet,13,300,3919,433
2024-01-22,East,Headphones,5,100,482,434
2024-01-22,East,Monitor,6,200,1219,435
2024-01-22,West,Laptop,16,800,12753,436
2024-01-22,West,Phone,11,500,5511,437
2024-01-22,West,Tablet,9,300,2652,438
2024-01-22,West,Headphones,19,100,1880,439
2024-01-22,West,Monitor,8,200,1585,440
2024-01-23,North,Laptop,6,800,4815,441
2024-01-23,North,Phone,11,500,5453,442
2024-01-23,North,Tablet,15,300,4455,443
2024-01-23,North,Headphones,17,100,1743,444
2024-01-23,North,Monitor,6,200,1200,445
2024-01-23,South,Laptop,2,800,1628,446
2024-01-23,South,Phone,11,500,5457,447
2024-01-23,South,Tablet,19,300,5694,448
2024-01-23,South,Headphones,12,100,1154,449
2024-01-23,South,Monitor,6,200,1175,450
2024-01-23,East,Laptop,4,800,3168,451
2024-01-23,East,Phone,1,500,469,452
2024-01-23,East,Tablet,17,300,5061,453
2024-01-23,East,Headphones,15,100,1450,454
2024-01-23,East,Monitor,14,200,2813,455
2024-01-23,West,Laptop,6,800,4786,456
2024-01-23,West,Phone,11,500,5549,457
2024-01-23,West,Tablet,13,300,3852,458
2024-01-23,West,Headphones,1,100,55,459
2024-01-23,West,Monitor,18,200,3559,460
2024-01-24,North,Laptop,5,800,3972,461
2024-01-24,North,Phone,10,500,4993,462
2024-01-24,North,Tablet,2,300,562,463
2024-01-24,North,Headphones,8,100,751,464
2024-01-24,North,Monitor,1,200,212,465
2024-01-24,South,Laptop,5,800,4022,466
2024-01-24,South,Phone,17,500,8458,467
2024-01-24,South,Tablet,11,300,3264,468
2024-01-24,South,Headphones,6,100,584,469
2024-01-24,South,Monitor,17,200,3418,470
2024-01-24,East,Laptop,12,800,9599,471
2024-01-24,East,Phone,14,500,7024,472
2024-01-24,East,Tablet,9,300,2683,473
2024-01-24,East,Headphones,12,100,1248,474
2024-01-24,East,Monitor,3,200,550,475
2024-01-24,West,Laptop,8,800,6413,476
2024-01-24,West,Phone,8,500,3960,477
2024-01-24,West,Tablet,9,300,2663,478
2024-01-24,West,Headphones,3,100,334,479
2024-01-24,West,Monitor,5,200,954,480
2024-01-25,North,Laptop,19,800,15227,481
2024-01-25,North,Phone,4,500,2038,482
2024-01-25,North,Tablet,13,300,3891,483
2024-01-25,North,Headphones,18,100,1789,484
2024-01-25,North,Monitor,8,200,1588,485
2024-01-25,South,Laptop,8,800,6363,486
2024-01-25,South,Phone,19,500,9487,487
2024-01-25,South,Tablet,1,300,272,488
2024-01-25,South,Headphones,15,100,1546,489
2024-01-25,South,Monitor,17,200,3446,490
2024-01-25,East,Laptop,15,800,12015,491
2024-01-25,East,Phone,14,500,7002,492
2024-01-25,East,Tablet,8,300,2400,493
2024-01-25,East,Headphones,7,100,700,494
2024-01-25,East,Monitor,6,200,1155,495
2024-01-25,West,Laptop,3,800,2356,496
2024-01-25,West,Phone,19,500,9521,497
2024-01-25,West,Tablet,10,300,3013,498
2024-01-25,West,Headphones,15,100,1478,499
2024-01-25,West,Monitor,1,200,243,500
2024-01-26,North,Laptop,7,800,5576,501
2024-01-26,North,Phone,4,500,1978,502
2024-01-26,North,Tablet,6,300,1806,503
2024-01-26,North,Headphones,1,100,76,504
2024-01-26,North,Monitor,1,200,217,505
2024-01-26,South,Laptop,2,800,1559,506
2024-01-26,South,Phone,5,500,2523,507
2024-01-26,South,Tablet,1,300,287,508
2024-01-26,South,Headphones,13,100,1280,509
2024-01-26,South,Monitor,15,200,3049,510
2024-01-26,East,Laptop,13,800,10437,511
2024-01-26,East,Phone,15,500,7478,512
2024-01-26,East,Tablet,8,300,2354,513
2024-01-26,East,Headphones,15,100,1517,514
2024-01-26,East,Monitor,12,200,2394,515
2024-01-26,West,Laptop,2,800,1576,516
2024-01-26,West,Phone,19,500,9485,517
2024-01-26,West,Tablet,4,300,1175,518
2024-01-26,West,Headphones,11,100,1076,519
2024-01-26,West,Monitor,5,200,969,520
2024-01-27,North,Laptop,11,800,8823,521
2024-01-27,North,Phone,8,500,3987,522
2024-01-27,North,Tablet,6,300,1821,523
2024-01-27,North,Headphones,15,100,1539,524
2024-01-27,North,Monitor,14,200,2761,525
2024-01-27,South,Laptop,13,800,10411,526
2024-01-27,South,Phone,18,500,9038,527
2024-01-27,South,Tablet,1,300,309,528
2024-01-27,South,Headphones,11,100,1125,529
2024-01-27,South,Monitor,12,200,2449,530
2024-01-27,East,Laptop,16,800,12817,531
2024-01-27,East,Phone,5,500,2486,532
2024-01-27,East,Tablet,8,300,2441,533
2024-01-27,East,Headphones,9,100,900,534
2024-01-27,East,Monitor,14,200,2789,535
2024-01-27,West,Laptop,9,800,7235,536
2024-01-27,West,Phone,11,500,5472,537
2024-01-27,West,Tablet,1,300,295,538
2024-01-27,West,Headphones,5,100,470,539
2024-01-27,West,Monitor,14,200,2785,540
2024-01-28,North,Laptop,1,800,812,541
2024-01-28,North,Phone,19,500,9489,542
2024-01-28,North,Tablet,15,300,4470,543
2024-01-28,North,Headphones,15,100,1522,544
2024-01-28,North,Monitor,9,200,1823,545
2024-01-28,South,Laptop,9,800,7184,546
2024-01-28,South,Phone,11,500,5487,547
2024-01-28,South,Tablet,2,300,556,548
2024-01-28,South,Headphones,18,100,1840,549
2024-01-28,South,Monitor,2,200,440,550
2024-01-28,East,Laptop,17,800,13592,551
2024-01-28,East,Phone,12,500,6000,552
2024-01-28,East,Tablet,7,300,2101,553
2024-01-28,East,Headphones,6,100,637,554
2024-01-28,East,Monitor,1,200,198,555
2024-01-28,West,Laptop,11,800,8771,556
2024-01-28,West,Phone,18,500,9034,557
2024-01-28,West,Tablet,17,300,5120,558
2024-01-28,West,Headphones,17,100,1733,559
2024-01-28,West,Monitor,9,200,1798,560
2024-01-29,North,Laptop,8,800,6398,561
2024-01-29,North,Phone,7,500,3450,562
2024-01-29,North,Tablet,13,300,3943,563
2024-01-29,North,Headphones,19,100,1905,564
2024-01-29,North,Monitor,19,200,3811,565
2024-01-29,South,Laptop,17,800,13594,566
2024-01-29,South,Phone,16,500,7989,567
2024-01-29,South,Tablet,19,300,5667,568
2024-01-29,South,Headphones,1,100,127,569
2024-01-29,South,Monitor,19,200,3796,570
2024-01-29,East,Laptop,18,800,14415,571
2024-01-29,East,Phone,17,500,8543,572
2024-01-29,East,Tablet,6,300,1800,573
2024-01-29,East,Headphones,4,100,350,574
2024-01-29,East,Monitor,8,200,1578,575
2024-01-29,West,Laptop,7,800,5552,576
2024-01-29,West,Phone,10,500,5023,577
2024-01-29,West,Tablet,19,300,5683,578
2024-01-29,West,Headphones,1,100,136,579
2024-01-29,West,Monitor,18,200,3556,580
2024-01-30,North,Laptop,8,800,6414,581
2024-01-30,North,Phone,3,500,1537,582
2024-01-30,North,Tablet,8,300,2403,583
2024-01-30,North,Headphones,15,100,1516,584
2024-01-30,North,Monitor,19,200,3846,585
2024-01-30,South,Laptop,15,800,11957,586
2024-01-30,South,Phone,2,500,984,587
2024-01-30,South,Tablet,14,300,4181,588
2024-01-30,South,Headphones,14,100,1365,589
2024-01-30,South,Monitor,4,200,786,590
2024-01-30,East,Laptop,14,800,11244,591
2024-01-30,East,Phone,16,500,8031,592
2024-01-30,East,Tablet,7,300,2123,593
2024-01-30,East,Headphones,7,100,682,594
2024-01-30,East,Monitor,19,200,3768,595
2024-01-30,West,Laptop,4,800,3178,596
2024-01-30,West,Phone,18,500,8951,597
2024-01-30,West,Tablet,1,300,296,598
2024-01-30,West,Headphones,5,100,469,599
2024-01-30,West,Monitor,11,200,2151,600
2024-01-31,North,Laptop,3,800,2436,601
2024-01-31,North,Phone,12,500,5969,602
2024-01-31,North,Tablet,5,300,1486,603
2024-01-31,North,Headphones,6,100,643,604
2024-01-31,North,Monitor,9,200,1847,605
2024-01-31,South,Laptop,12,800,9648,606
2024-01-31,South,Phone,12,500,5973,607
2024-01-31,South,Tablet,17,300,5123,608
2024-01-31,South,Headphones,14,100,1436,609
2024-01-31,South,Monitor,17,200,3430,610
2024-01-31,East,Laptop,14,800,11158,611
2024-01-31,East,Phone,8,500,4015,612
2024-01-31,East,Tablet,13,300,3874,613
2024-01-31,East,Headphones,7,100,722,614
2024-01-31,East,Monitor,11,200,2153,615
2024-01-31,West,Laptop,13,800,10447,616
2024-01-31,West,Phone,5,500,2524,617
2024-01-31,West,Tablet,6,300,1767,618
2024-01-31,West,Headphones,10,100,1049,619
2024-01-31,West,Monitor,9,200,1787,620
2024-02-01,North,Laptop,2,800,1566,621
2024-02-01,North,Phone,5,500,2474,622
2024-02-01,North,Tablet,6,300,1825,623
2024-02-01,North,Headphones,10,100,1035,624
2024-02-01,North,Monitor,6,200,1240,625
2024-02-01,South,Laptop,8,800,6447,626
2024-02-01,South,Phone,12,500,6002,627
2024-02-01,South,Tablet,7,300,2059,628
2024-02-01,South,Headphones,13,100,1266,629
2024-02-01,South,Monitor,14,200,2813,630
2024-02-01,East,Laptop,2,800,1603,631
2024-02-01,East,Phone,11,500,5514,632
2024-02-01,East,Tablet,19,300,5702,633
2024-02-01,East,Headphones,4,100,375,634
2024-02-01,East,Monitor,11,200,2189,635
2024-02-01,West,Laptop,11,800,8785,636
2024-02-01,West,Phone,17,500,8508,637
2024-02-01,West,Tablet,7,300,2148,638
2024-02-01,West,Headphones,2,100,204,639
2024-02-01,West,Monitor,15,200,2973,640
2024-02-02,North,Laptop,5,800,4005,641
2024-02-02,North,Phone,1,500,485,642
2024-02-02,North,Tablet,15,300,4469,643
2024-02-02,North,Headphones,19,100,1948,644
2024-02-02,North,Monitor,11,200,2230,645
2024-02-02,South,Laptop,13,800,10447,646
2024-02-02,South,Phone,9,500,4475,647
2024-02-02,South,Tablet,2,300,622,648
2024-02-02,South,Headphones,9,100,889,649
2024-02-02,South,Monitor,17,200,3350,650
2024-02-02,East,Laptop,11,800,8791,651
2024-02-02,East,Phone,7,500,3484,652
2024-02-02,East,Tablet,3,300,893,653
2024-02-02,East,Headphones,19,100,1943,654
2024-02-02,East,Monitor,6,200,1247,655
2024-02-02,West,Laptop,12,800,9568,656
2024-02-02,West,Phone,5,500,2493,657
2024-02-02,West,Tablet,17,300,5110,658
2024-02-02,West,Headphones,17,100,1723,659
2024-02-02,West,Monitor,17,200,3396,660
2024-02-03,North,Laptop,12,800,9611,661
2024-02-03,North,Phone,16,500,8037,662
2024-02-03,North,Tablet,19,300,5657,663
2024-02-03,North,Headphones,17,100,1736,664
2024-02-03,North,Monitor,5,200,1029,665
2024-02-03,South,Laptop,6,800,4821,666
2024-02-03,South,Phone,18,500,9038,667
2024-02-03,South,Tablet,12,300,3564,668
2024-02-03,South,Headphones,9,100,875,669
2024-02-03,South,Monitor,15,200,2981,670
2024-02-03,East,Laptop,10,800,7965,671
2024-02-03,East,Phone,7,500,3466,672
2024-02-03,East,Tablet,7,300,2063,673
2024-02-03,East,Headphones,15,100,1456,674
2024-02-03,East,Monitor,9,200,1797,675
2024-02-03,West,Laptop,8,800,6408,676
2024-02-03,West,Phone,18,500,9044,677
2024-02-03,West,Tablet,7,300,2148,678
2024-02-03,West,Headphones,18,100,1808,679
2024-02-03,West,Monitor,10,200,1966,680
2024-02-04,North,Laptop,14,800,11180,681
2024-02-04,North,Phone,3,500,1509,682
2024-02-04,North,Tablet,13,300,3947,683
2024-02-04,North,Headphones,3,100,286,684
2024-02-04,North,Monitor,11,200,2189,685
2024-02-04,South,Laptop,12,800,9588,686
2024-02-04,South,Phone,15,500,7453,687
2024-02-04,South,Tablet,13,300,3931,688
2024-02-04,South,Headphones,1,100,65,689
2024-02-04,South,Monitor,13,200,2591,690
2024-02-04,East,Laptop,12,800,9615,691
2024-02-04,East,Phone,3,500,1491,692
2024-02-04,East,Tablet,2,300,579,693
2024-02-04,East,Headphones,13,100,1262,694
2024-02-04,East,Monitor,18,200,3581,695
2024-02-04,West,Laptop,3,800,2388,696
2024-02-04,West,Phone,14,500,6978,697
2024-02-04,West,Tablet,17,300,5142,698
2024-02-04,West,Headphones,12,100,1206,699
2024-02-04,West,Monitor,16,200,3205,700
2024-02-05,North,Laptop,12,800,9559,701
2024-02-05,North,Phone,7,500,3533,702
2024-02-05,North,Tablet,5,300,1514,703
2024-02-05,North,Headphones,17,100,1652,704
2024-02-05,North,Monitor,13,200,2563,705
2024-02-05,South,Laptop,18,800,14417,706
2024-02-05,South,Phone,18,500,9011,707
2024-02-05,South,Tablet,5,300,1474,708
2024-02-05,South,Headphones,16,100,1614,709
2024-02-05,South,Monitor,14,200,2828,710
2024-02-05,East,Laptop,9,800,7164,711
2024-02-05,East,Phone,17,500,8537,712
2024-02-05,East,Tablet,4,300,1161,713
2024-02-05,East,Headphones,5,100,510,714
2024-02-05,East,Monitor,5,200,992,715
2024-02-05,West,Laptop,6,800,4788,716
2024-02-05,West,Phone,14,500,7037,717
2024-02-05,West,Tablet,11,300,3311,718
2024-02-05,West,Headphones,13,100,1347,719
2024-02-05,West,Monitor,7,200,1401,720
2024-02-06,North,Laptop,4,800,3208,721
2024-02-06,North,Phone,8,500,3969,722
2024-02-06,North,Tablet,19,300,5723,723
2024-02-06,North,Headphones,11,100,1147,724
2024-02-06,North,Monitor,9,200,1752,725
2024-02-06,South,Laptop,6,800,4754,726
2024-02-06,South,Phone,5,500,2503,727
2024-02-06,South,Tablet,15,300,4536,728
2024-02-06,South,Headphones,17,100,1658,729
2024-02-06,South,Monitor,3,200,569,730
2024-02-06,East,Laptop,17,800,13610,731
2024-02-06,East,Phone,10,500,4984,732
2024-02-06,East,Tablet,18,300,5431,733
2024-02-06,East,Headphones,17,100,1737,734
2024-02-06,East,Monitor,3,200,581,735
2024-02-06,West,Laptop,3,800,2362,736
2024-02-06,West,Phone,15,500,7538,737
2024-02-06,West,Tablet,9,300,2717,738
2024-02-06,West,Headphones,14,100,1447,739
2024-02-06,West,Monitor,11,200,2205,740
2024-02-07,North,Laptop,3,800,2441,741
2024-02-07,North,Phone,9,500,4516,742
2024-02-07,North,Tablet,2,300,625,743
2024-02-07,North,Headphones,10,100,958,744
2024-02-07,North,Monitor,15,200,2989,745
2024-02-07,South,Laptop,5,800,3960,746
2024-02-07,South,Phone,2,500,1037,747
2024-02-07,South,Tablet,15,300,4487,748
2024-02-07,South,Headphones,8,100,754,749
2024-02-07,South,Monitor,16,200,3239,750
2024-02-07,East,Laptop,18,800,14419,751
2024-02-07,East,Phone,5,500,2509,752
2024-02-07,East,Tablet,16,300,4826,753
2024-02-07,East,Headphones,5,100,526,754
2024-02-07,East,Monitor,17,200,3389,755
2024-02-07,West,Laptop,13,800,10445,756
2024-02-07,West,Phone,19,500,9507,757
2024-02-07,West,Tablet,3,300,905,758
2024-02-07,West,Headphones,8,100,847,759
2024-02-07,West,Monitor,8,200,1640,760
2024-02-08,North,Laptop,13,800,10382,761
2024-02-08,North,Phone,6,500,3037,762
2024-02-08,North,Tablet,19,300,5729,763
2024-02-08,North,Headphones,8,100,841,764
2024-02-08,North,Monitor,1,200,208,765
2024-02-08,South,Laptop,16,800,12790,766
2024-02-08,South,Phone,13,500,6494,767
2024-02-08,South,Tablet,10,300,3049,768
2024-02-08,South,Headphones,6,100,609,769
2024-02-08,South,Monitor,7,200,1354,770
2024-02-08,East,Laptop,11,800,8794,771
2024-02-08,East,Phone,19,500,9480,772
2024-02-08,East,Tablet,10,300,2959,773
2024-02-08,East,Headphones,11,100,1102,774
2024-02-08,East,Monitor,7,200,1380,775
2024-02-08,West,Laptop,18,800,14449,776
2024-02-08,West,Phone,2,500,1027,777
2024-02-08,West,Tablet,13,300,3942,778
2024-02-08,West,Headphones,12,100,1188,779
2024-02-08,West,Monitor,2,200,445,780
2024-02-09,North,Laptop,13,800,10395,781
2024-02-09,North,Phone,17,500,8466,782
2024-02-09,North,Tablet,8,300,2444,783
2024-02-09,North,Headphones,2,100,209,784
2024-02-09,North,Monitor,13,200,2584,785
2024-02-09,South,Laptop,16,800,12819,786
2024-02-09,South,Phone,19,500,9479,787
2024-02-09,South,Tablet,7,300,2123,788
2024-02-09,South,Headphones,9,100,945,789
2024-02-09,South,Monitor,2,200,412,790
2024-02-09,East,Laptop,15,800,12043,791
2024-02-09,East,Phone,5,500,2542,792
2024-02-09,East,Tablet,4,300,1169,793
2024-02-09,East,Headphones,4,100,417,794
2024-02-09,East,Monitor,17,200,3361,795
2024-02-09,West,Laptop,17,800,13559,796
2024-02-09,West,Phone,1,500,471,797
2024-02-09,West,Tablet,18,300,5399,798
2024-02-09,West,Headphones,14,100,1413,799
2024-02-09,West,Monitor,15,200,2978,800
2024-02-10,North,Laptop,12,800,9585,801
2024-02-10,North,Phone,3,500,1501,802
2024-02-10,North,Tablet,12,300,3556,803
2024-02-10,North,Headphones,11,100,1082,804
2024-02-10,North,Monitor,6,200,1228,805
2024-02-10,South,Laptop,19,800,15224,806
2024-02-10,South,Phone,2,500,995,807
2024-02-10,South,Tablet,2,300,578,808
2024-02-10,South,Headphones,4,100,430,809
2024-02-10,South,Monitor,3,200,562,810
2024-02-10,East,Laptop,9,800,7188,811
2024-02-10,East,Phone,15,500,7478,812
2024-02-10,East,Tablet,11,300,3281,813
2024-02-10,East,Headphones,2,100,196,814
2024-02-10,East,Monitor,14,200,2833,815
2024-02-10,West,Laptop,11,800,8776,816
2024-02-10,West,Phone,3,500,1530,817
2024-02-10,West,Tablet,12,300,3605,818
2024-02-10,West,Headphones,15,100,1529,819
2024-02-10,West,Monitor,5,200,1008,820
2024-02-11,North,Laptop,6,800,4768,821
2024-02-11,North,Phone,5,500,2452,822
2024-02-11,North,Tablet,1,300,307,823
2024-02-11,North,Headphones,6,100,564,824
2024-02-11,North,Monitor,2,200,410,825
2024-02-11,South,Laptop,3,800,2413,826
2024-02-11,South,Phone,17,500,8474,827
2024-02-11,South,Tablet,12,300,3567,828
2024-02-11,South,Headphones,15,100,1529,829
2024-02-11,South,Monitor,8,200,1609,830
2024-02-11,East,Laptop,14,800,11238,831
2024-02-11,East,Phone,17,500,8542,832
2024-02-11,East,Tablet,8,300,2428,833
2024-02-11,East,Headphones,14,100,1399,834
2024-02-11,East,Monitor,7,200,1352,835
2024-02-11,West,Laptop,12,800,9602,836
2024-02-11,West,Phone,3,500,1469,837
2024-02-11,West,Tablet,14,300,4164,838
2024-02-11,West,Headphones,14,100,1420,839
2024-02-11,West,Monitor,17,200,3433,840
2024-02-12,North,Laptop,4,800,3158,841
2024-02-12,North,Phone,6,500,2997,842
2024-02-12,North,Tablet,2,300,637,843
2024-02-12,North,Headphones,8,100,760,844
2024-02-12,North,Monitor,13,200,2630,845
2024-02-12,South,Laptop,8,800,6370,846
2024-02-12,South,Phone,18,500,9043,847
2024-02-12,South,Tablet,18,300,5444,848
2024-02-12,South,Headphones,6,100,581,849
2024-02-12,South,Monitor,11,200,2194,850
2024-02-12,East,Laptop,1,800,790,851
2024-02-12,East,Phone,8,500,3960,852
2024-02-12,East,Tablet,19,300,5737,853
2024-02-12,East,Headphones,9,100,866,854
2024-02-12,East,Monitor,12,200,2395,855
2024-02-12,West,Laptop,15,800,12029,856
2024-02-12,West,Phone,1,500,523,857
2024-02-12,West,Tablet,8,300,2381,858
2024-02-12,West,Headphones,18,100,1846,859
2024-02-12,West,Monitor,2,200,446,860
2024-02-13,North,Laptop,1,800,826,861
2024-02-13,North,Phone,1,500,526,862
2024-02-13,North,Tablet,7,300,2115,863
2024-02-13,North,Headphones,6,100,639,864
2024-02-13,North,Monitor,14,200,2764,865
2024-02-13,South,Laptop,2,800,1593,866
2024-02-13,South,Phone,17,500,8524,867
2024-02-13,South,Tablet,3,300,855,868
2024-02-13,South,Headphones,9,100,855,869
2024-02-13,South,Monitor,9,200,1844,870
2024-02-13,East,Laptop,9,800,7225,871
2024-02-13,East,Phone,8,500,4021,872
2024-02-13,East,Tablet,18,300,5441,873
2024-02-13,East,Headphones,15,100,1456,874
2024-02-13,East,Monitor,11,200,2233,875
2024-02-13,West,Laptop,16,800,12753,876
2024-02-13,West,Phone,6,500,3007,877
2024-02-13,West,Tablet,3,300,890,878
2024-02-13,West,Headphones,10,100,963,879
2024-02-13,West,Monitor,11,200,2231,880
2024-02-14,North,Laptop,12,800,9636,881
2024-02-14,North,Phone,12,500,5962,882
2024-02-14,North,Tablet,13,300,3868,883
2024-02-14,North,Headphones,14,100,1449,884
2024-02-14,North,Monitor,13,200,2557,885
2024-02-14,South,Laptop,19,800,15193,886
2024-02-14,South,Phone,18,500,9019,887
2024-02-14,South,Tablet,18,300,5432,888
2024-02-14,South,Headphones,5,100,545,889
2024-02-14,South,Monitor,9,200,1808,890
2024-02-14,East,Laptop,3,800,2377,891
2024-02-14,East,Phone,10,500,4984,892
2024-02-14,East,Tablet,15,300,4546,893
2024-02-14,East,Headphones,7,100,725,894
2024-02-14,East,Monitor,17,200,3443,895
2024-02-14,West,Laptop,5,800,3953,896
2024-02-14,West,Phone,12,500,5969,897
2024-02-14,West,Tablet,18,300,5398,898
2024-02-14,West,Headphones,19,100,1945,899
2024-02-14,West,Monitor,9,200,1785,900
2024-02-15,North,Laptop,2,800,1649,901
2024-02-15,North,Phone,2,500,1028,902
2024-02-15,North,Tablet,2,300,585,903
2024-02-15,North,Headphones,6,100,588,904
2024-02-15,North,Monitor,10,200,2007,905
2024-02-15,South,Laptop,12,800,9552,906
2024-02-15,South,Phone,13,500,6467,907
2024-02-15,South,Tablet,8,300,2370,908
2024-02-15,South,Headphones,15,100,1546,909
2024-02-15,South,Monitor,3,200,575,910
2024-02-15,East,Laptop,8,800,6449,911
2024-02-15,East,Phone,16,500,8043,912
2024-02-15,East,Tablet,10,300,2993,913
2024-02-15,East,Headphones,14,100,1427,914
2024-02-15,East,Monitor,2,200,386,915
2024-02-15,West,Laptop,5,800,3987,916
2024-02-15,West,Phone,13,500,6490,917
2024-02-15,West,Tablet,15,300,4463,918
2024-02-15,West,Headphones,7,100,738,919
2024-02-15,West,Monitor,2,200,419,920
2024-02-16,North,Laptop,17,800,13638,921
2024-02-16,North,Phone,2,500,984,922
2024-02-16,North,Tablet,5,300,1454,923
2024-02-16,North,Headphones,1,100,89,924
2024-02-16,North,Monitor,12,200,2405,925
2024-02-16,South,Laptop,4,800,3194,926
2024-02-16,South,Phone,15,500,7480,927
2024-02-16,South,Tablet,11,300,3259,928
2024-02-16,South,Headphones,3,100,263,929
2024-02-16,South,Monitor,16,200,3223,930
2024-02-16,East,Laptop,10,800,8025,931
2024-02-16,East,Phone,9,500,4450,932
2024-02-16,East,Tablet,5,300,1469,933
2024-02-16,East,Headphones,8,100,792,934
2024-02-16,East,Monitor,12,200,2350,935
2024-02-16,West,Laptop,11,800,8786,936
2024-02-16,West,Phone,15,500,7525,937
2024-02-16,West,Tablet,5,300,1498,938
2024-02-16,West,Headphones,17,100,1693,939
2024-02-16,West,Monitor,15,200,3028,940
2024-02-17,North,Laptop,6,800,4810,941
2024-02-17,North,Phone,18,500,9027,942
2024-02-17,North,Tablet,2,300,622,943
2024-02-17,North,Headphones,5,100,469,944
2024-02-17,North,Monitor,1,200,184,945
2024-02-17,South,Laptop,6,800,4808,946
2024-02-17,South,Phone,5,500,2482,947
2024-02-17,South,Tablet,17,300,5100,948
2024-02-17,South,Headphones,14,100,1361,949
2024-02-17,South,Monitor,10,200,1969,950
2024-02-17,East,Laptop,18,800,14437,951
2024-02-17,East,Phone,11,500,5547,952
2024-02-17,East,Tablet,18,300,5378,953
2024-02-17,East,Headphones,7,100,744,954
2024-02-17,East,Monitor,15,200,2992,955
2024-02-17,West,Laptop,18,800,14372,956
2024-02-17,West,Phone,12,500,5987,957
2024-02-17,West,Tablet,13,300,3901,958
2024-02-17,West,Headphones,16,100,1599,959
2024-02-17,West,Monitor,10,200,1957,960
2024-02-18,North,Laptop,18,800,14434,961
2024-02-18,North,Phone,1,500,457,962
2024-02-18,North,Tablet,6,300,1754,963
2024-02-18,North,Headphones,15,100,1535,964
2024-02-18,North,Monitor,15,200,2983,965
2024-02-18,South,Laptop,1,800,804,966
2024-02-18,South,Phone,11,500,5523,967
2024-02-18,South,Tablet,18,300,5431,968
2024-02-18,South,Headphones,17,100,1675,969
2024-02-18,South,Monitor,8,200,1596,970
2024-02-18,East,Laptop,8,800,6425,971
2024-02-18,East,Phone,8,500,4038,972
2024-02-18,East,Tablet,14,300,4217,973
2024-02-18,East,Headphones,1,100,50,974
2024-02-18,East,Monitor,19,200,3780,975
2024-02-18,West,Laptop,16,800,12763,976
2024-02-18,West,Phone,16,500,8018,977
2024-02-18,West,Tablet,9,300,2739,978
2024-02-18,West,Headphones,2,100,213,979
2024-02-18,West,Monitor,6,200,1212,980
2024-02-19,North,Laptop,9,800,7182,981
2024-02-19,North,Phone,9,500,4538,982
2024-02-19,North,Tablet,16,300,4762,983
2024-02-19,North,Headphones,9,100,926,984
2024-02-19,North,Monitor,9,200,1824,985
2024-02-19,South,Laptop,4,800,3247,986
2024-02-19,South,Phone,6,500,2953,987
2024-02-19,South,Tablet,6,300,1768,988
2024-02-19,South,Headphones,6,100,647,989
2024-02-19,South,Monitor,18,200,3562,990
2024-02-19,East,Laptop,9,800,7172,991
2024-02-19,East,Phone,19,500,9524,992
2024-02-19,East,Tablet,1,300,337,993
2024-02-19,East,Headphones,7,100,738,994
2024-02-19,East,Monitor,15,200,3014,995
2024-02-19,West,Laptop,12,800,9620,996
2024-02-19,West,Phone,15,500,7470,997
2024-02-19,West,Tablet,19,300,5709,998
2024-02-19,West,Headphones,1,100,98,999
2024-02-19,West,Monitor,17,200,3384,1000
2024-02-20,North,Laptop,12,800,9639,1001
2024-02-20,North,Phone,11,500,5548,1002
2024-02-20,North,Tablet,8,300,2427,1003
2024-02-20,North,Headphones,10,100,1015,1004
2024-02-20,North,Monitor,14,200,2758,1005
2024-02-20,South,Laptop,3,800,2434,1006
2024-02-20,South,Phone,8,500,3997,1007
2024-02-20,South,Tablet,2,300,619,1008
2024-02-20,South,Headphones,12,100,1154,1009
2024-02-20,South,Monitor,2,200,397,1010
2024-02-20,East,Laptop,5,800,4028,1011
2024-02-20,East,Phone,12,500,6049,1012
2024-02-20,East,Tablet,15,300,4492,1013
2024-02-20,East,Headphones,16,100,1636,1014
2024-02-20,East,Monitor,6,200,1195,1015
2024-02-20,West,Laptop,18,800,14392,1016
2024-02-20,West,Phone,13,500,6470,1017
2024-02-20,West,Tablet,11,300,3329,1018
2024-02-20,West,Headphones,15,100,1464,1019
2024-02-20,West,Monitor,4,200,824,1020
2024-02-21,North,Laptop,19,800,15164,1021
2024-02-21,North,Phone,4,500,1970,1022
2024-02-21,North,Tablet,13,300,3935,1023
2024-02-21,North,Headphones,19,100,1883,1024
2024-02-21,North,Monitor,14,200,2817,1025
2024-02-21,South,Laptop,16,800,12801,1026
2024-02-21,South,Phone,14,500,6976,1027
2024-02-21,South,Tablet,15,300,4477,1028
2024-02-21,South,Headphones,3,100,257,1029
2024-02-21,South,Monitor,16,200,3185,1030
2024-02-21,East,Laptop,18,800,14351,1031
2024-02-21,East,Phone,17,500,8526,1032
2024-02-21,East,Tablet,4,300,1239,1033
2024-02-21,East,Headphones,11,100,1056,1034
2024-02-21,East,Monitor,12,200,2423,1035
2024-02-21,West,Laptop,7,800,5562,1036
2024-02-21,West,Phone,7,500,3512,1037
2024-02-21,West,Tablet,17,300,5091,1038
2024-02-21,West,Headphones,10,100,1005,1039
2024-02-21,West,Monitor,4,200,833,1040
2024-02-22,North,Laptop,4,800,3156,1041
2024-02-22,North,Phone,1,500,493,1042
2024-02-22,North,Tablet,13,300,3896,1043
2024-02-22,North,Headphones,13,100,1271,1044
2024-02-22,North,Monitor,9,200,1775,1045
2024-02-22,South,Laptop,9,800,7164,1046
2024-02-22,South,Phone,10,500,5037,1047
2024-02-22,South,Tablet,10,300,3021,1048
2024-02-22,South,Headphones,16,100,1598,1049
2024-02-22,South,Monitor,5,200,1017,1050
2024-02-22,East,Laptop,18,800,14373,1051
2024-02-22,East,Phone,19,500,9549,1052
2024-02-22,East,Tablet,7,300,2123,1053
2024-02-22,East,Headphones,18,100,1768,1054
2024-02-22,East,Monitor,4,200,823,1055
2024-02-22,West,Laptop,1,800,804,1056
2024-02-22,West,Phone,18,500,9018,1057
2024-02-22,West,Tablet,15,300,4498,1058
2024-02-22,West,Headphones,3,100,347,1059
2024-02-22,West,Monitor,1,200,170,1060
2024-02-23,North,Laptop,17,800,13571,1061
2024-02-23,North,Phone,16,500,7986,1062
2024-02-23,North,Tablet,15,300,4484,1063
2024-02-23,North,Headphones,7,100,681,1064
2024-02-23,North,Monitor,11,200,2159,1065
2024-02-23,South,Laptop,9,800,7227,1066
2024-02-23,South,Phone,13,500,6506,1067
2024-02-23,South,Tablet,2,300,613,1068
2024-02-23,South,Headphones,3,100,256,1069
2024-02-23,South,Monitor,18,200,3616,1070
2024-02-23,East,Laptop,10,800,7988,1071
2024-02-23,East,Phone,9,500,4524,1072
2024-02-23,East,Tablet,7,300,2073,1073
2024-02-23,East,Headphones,14,100,1368,1074
2024-02-23,East,Monitor,4,200,839,1075
2024-02-23,West,Laptop,6,800,4791,1076
2024-02-23,West,Phone,7,500,3485,1077
2024-02-23,West,Tablet,8,300,2446,1078
2024-02-23,West,Headphones,4,100,352,1079
2024-02-23,West,Monitor,9,200,1757,1080
2024-02-24,North,Laptop,1,800,819,1081
2024-02-24,North,Phone,9,500,4517,1082
2024-02-24,North,Tablet,13,300,3898,1083
2024-02-24,North,Headphones,2,100,209,1084
2024-02-24,North,Monitor,5,200,993,1085
2024-02-24,South,Laptop,8,800,6421,1086
2024-02-24,South,Phone,18,500,9016,1087
2024-02-24,South,Tablet,12,300,3607,1088
2024-02-24,South,Headphones,3,100,335,1089
2024-02-24,South,Monitor,6,200,1151,1090
2024-02-24,East,Laptop,12,800,9551,1091
2024-02-24,East,Phone,6,500,3030,1092
2024-02-24,East,Tablet,3,300,947,1093
2024-02-24,East,Headphones,8,100,771,1094
2024-02-24,East,Monitor,12,200,2407,1095
2024-02-24,West,Laptop,4,800,3218,1096
2024-02-24,West,Phone,13,500,6542,1097
2024-02-24,West,Tablet,15,300,4504,1098
2024-02-24,West,Headphones,16,100,1611,1099
2024-02-24,West,Monitor,16,200,3161,1100
2024-02-25,North,Laptop,17,800,13565,1101
2024-02-25,North,Phone,12,500,5957,1102
2024-02-25,North,Tablet,3,300,865,1103
2024-02-25,North,Headphones,13,100,1272,1104
2024-02-25,North,Monitor,19,200,3754,1105
2024-02-25,South,Laptop,8,800,6414,1106
2024-02-25,South,Phone,6,500,2971,1107
2024-02-25,South,Tablet,18,300,5421,1108
2024-02-25,South,Headphones,7,100,681,1109
2024-02-25,South,Monitor,1,200,165,1110
2024-02-25,East,Laptop,12,800,9587,1111
2024-02-25,East,Phone,2,500,963,1112
2024-02-25,East,Tablet,4,300,1246,1113
2024-02-25,East,Headphones,18,100,1815,1114
2024-02-25,East,Monitor,9,200,1834,1115
2024-02-25,West,Laptop,2,800,1640,1116
2024-02-25,West,Phone,9,500,4514,1117
2024-02-25,West,Tablet,11,300,3316,1118
2024-02-25,West,Headphones,4,100,431,1119
2024-02-25,West,Monitor,6,200,1184,1120
2024-02-26,North,Laptop,11,800,8764,1121
2024-02-26,North,Phone,5,500,2461,1122
2024-02-26,North,Tablet,15,300,4498,1123
2024-02-26,North,Headphones,10,100,987,1124
2024-02-26,North,Monitor,18,200,3594,1125
2024-02-26,South,Laptop,3,800,2379,1126
2024-02-26,South,Phone,10,500,4979,1127
2024-02-26,South,Tablet,14,300,4155,1128
2024-02-26,South,Headphones,3,100,329,1129
2024-02-26,South,Monitor,7,200,1401,1130
2024-02-26,East,Laptop,14,800,11222,1131
2024-02-26,East,Phone,15,500,7470,1132
2024-02-26,East,Tablet,3,300,915,1133
2024-02-26,East,Headphones,2,100,184,1134
2024-02-26,East,Monitor,18,200,3627,1135
2024-02-26,West,Laptop,18,800,14359,1136
2024-02-26,West,Phone,2,500,974,1137
2024-02-26,West,Tablet,1,300,285,1138
2024-02-26,West,Headphones,14,100,1414,1139
2024-02-26,West,Monitor,14,200,2829,1140
2024-02-27,North,Laptop,14,800,11201,1141
2024-02-27,North,Phone,3,500,1548,1142
2024-02-27,North,Tablet,9,300,2655,1143
2024-02-27,North,Headphones,13,100,1347,1144
2024-02-27,North,Monitor,8,200,1570,1145
2024-02-27,South,Laptop,2,800,1617,1146
2024-02-27,South,Phone,15,500,7517,1147
2024-02-27,South,Tablet,13,300,3909,1148
2024-02-27,South,Headphones,12,100,1181,1149
2024-02-27,South,Monitor,13,200,2580,1150
2024-02-27,East,Laptop,14,800,11169,1151
2024-02-27,East,Phone,18,500,9042,1152
2024-02-27,East,Tablet,6,300,1781,1153
2024-02-27,East,Headphones,11,100,1051,1154
2024-02-27,East,Monitor,19,200,3780,1155
2024-02-27,West,Laptop,19,800,15154,1156
2024-02-27,West,Phone,19,500,9483,1157
2024-02-27,West,Tablet,10,300,3038,1158
2024-02-27,West,Headphones,2,100,160,1159
2024-02-27,West,Monitor,18,200,3580,1160
2024-02-28,North,Laptop,15,800,12022,1161
2024-02-28,North,Phone,19,500,9458,1162
2024-02-28,North,Tablet,3,300,870,1163
2024-02-28,North,Headphones,9,100,877,1164
2024-02-28,North,Monitor,14,200,2756,1165
2024-02-28,South,Laptop,16,800,12765,1166
2024-02-28,South,Phone,1,500,453,1167
2024-02-28,South,Tablet,4,300,1189,1168
2024-02-28,South,Headphones,17,100,1701,1169
2024-02-28,South,Monitor,4,200,787,1170
2024-02-28,East,Laptop,7,800,5599,1171
2024-02-28,East,Phone,5,500,2512,1172
2024-02-28,East,Tablet,3,300,856,1173
2024-02-28,East,Headphones,14,100,1420,1174
2024-02-28,East,Monitor,5,200,1035,1175
2024-02-28,West,Laptop,5,800,4004,1176
2024-02-28,West,Phone,2,500,1011,1177
2024-02-28,West,Tablet,6,300,1828,1178
2024-02-28,West,Headphones,10,100,1036,1179
2024-02-28,West,Monitor,7,200,1354,1180
2024-02-29,North,Laptop,1,800,762,1181
2024-02-29,North,Phone,18,500,9034,1182
2024-02-29,North,Tablet,18,300,5394,1183
2024-02-29,North,Headphones,4,100,430,1184
2024-02-29,North,Monitor,3,200,609,1185
2024-02-29,South,Laptop,11,800,8812,1186
2024-02-29,South,Phone,4,500,1983,1187
2024-02-29,South,Tablet,16,300,4831,1188
2024-02-29,South,Headphones,8,100,848,1189
2024-02-29,South,Monitor,9,200,1842,1190
2024-02-29,East,Laptop,6,800,4791,1191
2024-02-29,East,Phone,10,500,4962,1192
2024-02-29,East,Tablet,17,300,5113,1193
2024-02-29,East,Headphones,17,100,1658,1194
2024-02-29,East,Monitor,9,200,1750,1195
2024-02-29,West,Laptop,2,800,1609,1196
2024-02-29,West,Phone,16,500,7978,1197
2024-02-29,West,Tablet,1,300,259,1198
2024-02-29,West,Headphones,18,100,1807,1199
2024-02-29,West,Monitor,8,200,1570,1200
